{
  "3": 0.14285714285714285,
  "4": 0.2,
  "0": 0.5,
  "1": 0.07142857142857142,
  "2": 0.08333333333333333
}