{
  "3": 0.14285714285714285,
  "4": 0.2,
  "0": 0.5,
  "1": 0.1111111111111111,
  "2": 0.14285714285714285
}